alg_name,K,n,bidirectional_bool,anti_signal_velocity,residual_signal_velocity,error_bool,meas_error_bool,error_rate,positive,number_of_runs,T
object,int64,int64,bool,int64,int64,bool,bool,float64,int64,int64,int64
Signal,9,9,True,3,3,True,True,0.02,105,19840000,0
Signal,9,9,True,3,3,True,True,0.02,439,19840000,1
Signal,9,9,True,3,3,True,True,0.02,1095,19840000,2
Signal,9,9,True,3,3,True,True,0.02,2118,19840000,3
Signal,9,9,True,3,3,True,True,0.02,3229,19840000,4
Signal,9,9,True,3,3,True,True,0.02,4458,19840000,5
Signal,9,9,True,3,3,True,True,0.02,5680,19840000,6
Signal,9,9,True,3,3,True,True,0.02,7005,19840000,7
Signal,9,9,True,3,3,True,True,0.02,8280,19840000,8
Signal,9,9,True,3,3,True,True,0.02,9696,19840000,9
Signal,9,9,True,3,3,True,True,0.02,11034,19840000,10
Signal,9,9,True,3,3,True,True,0.02,12339,19840000,11
Signal,9,9,True,3,3,True,True,0.02,13699,19840000,12
Signal,9,9,True,3,3,True,True,0.02,15050,19840000,13
Signal,9,9,True,3,3,True,True,0.02,16471,19840000,14
Signal,9,9,True,3,3,True,True,0.02,17912,19840000,15
Signal,9,9,True,3,3,True,True,0.02,19181,19840000,16
Signal,9,9,True,3,3,True,True,0.02,20561,19840000,17
Signal,9,9,True,3,3,True,True,0.02,21841,19840000,18
Signal,9,9,True,3,3,True,True,0.02,23318,19840000,19
Signal,9,9,True,3,3,True,True,0.02,24672,19840000,20
Signal,9,9,True,3,3,True,True,0.02,25959,19840000,21
Signal,9,9,True,3,3,True,True,0.02,27364,19840000,22
Signal,9,9,True,3,3,True,True,0.02,28632,19840000,23
Signal,9,9,True,3,3,True,True,0.02,30062,19840000,24
Signal,9,9,True,3,3,True,True,0.02,31396,19840000,25
Signal,9,9,True,3,3,True,True,0.02,32696,19840000,26
Signal,9,9,True,3,3,True,True,0.02,34082,19840000,27
Signal,9,9,True,3,3,True,True,0.02,35480,19840000,28
Signal,9,9,True,3,3,True,True,0.02,36779,19840000,29
Signal,9,9,True,3,3,True,True,0.02,38113,19840000,30
Signal,9,9,True,3,3,True,True,0.02,39456,19840000,31
Signal,9,9,True,3,3,True,True,0.02,40818,19840000,32
Signal,9,9,True,3,3,True,True,0.02,42175,19840000,33
Signal,9,9,True,3,3,True,True,0.02,43605,19840000,34
Signal,9,9,True,3,3,True,True,0.02,44968,19840000,35
Signal,9,9,True,3,3,True,True,0.02,46213,19840000,36
Signal,9,9,True,3,3,True,True,0.02,47620,19840000,37
Signal,9,9,True,3,3,True,True,0.02,48889,19840000,38
Signal,9,9,True,3,3,True,True,0.02,50233,19840000,39
Signal,9,9,True,3,3,True,True,0.02,51663,19840000,40
Signal,9,9,True,3,3,True,True,0.02,53063,19840000,41
Signal,9,9,True,3,3,True,True,0.02,54426,19840000,42
Signal,9,9,True,3,3,True,True,0.02,55755,19840000,43
Signal,9,9,True,3,3,True,True,0.02,57157,19840000,44
Signal,9,9,True,3,3,True,True,0.02,58473,19840000,45
Signal,9,9,True,3,3,True,True,0.02,59837,19840000,46
Signal,9,9,True,3,3,True,True,0.02,61271,19840000,47
Signal,9,9,True,3,3,True,True,0.02,62684,19840000,48
Signal,9,9,True,3,3,True,True,0.02,63942,19840000,49
Signal,9,9,True,3,3,True,True,0.02,65234,19840000,50
Signal,9,9,True,3,3,True,True,0.02,66658,19840000,51
Signal,9,9,True,3,3,True,True,0.02,68061,19840000,52
Signal,9,9,True,3,3,True,True,0.02,69467,19840000,53
Signal,9,9,True,3,3,True,True,0.02,70787,19840000,54
Signal,9,9,True,3,3,True,True,0.02,72204,19840000,55
Signal,9,9,True,3,3,True,True,0.02,73336,19840000,56
Signal,9,9,True,3,3,True,True,0.02,74824,19840000,57
Signal,9,9,True,3,3,True,True,0.02,76158,19840000,58
Signal,9,9,True,3,3,True,True,0.02,77449,19840000,59
Signal,9,9,True,3,3,True,True,0.02,78865,19840000,60
Signal,9,9,True,3,3,True,True,0.02,80222,19840000,61
Signal,9,9,True,3,3,True,True,0.02,81700,19840000,62
Signal,9,9,True,3,3,True,True,0.02,82925,19840000,63
Signal,9,9,True,3,3,True,True,0.02,84254,19840000,64
Signal,9,9,True,3,3,True,True,0.02,85609,19840000,65
Signal,9,9,True,3,3,True,True,0.02,86950,19840000,66
Signal,9,9,True,3,3,True,True,0.02,88325,19840000,67
Signal,9,9,True,3,3,True,True,0.02,89703,19840000,68
Signal,9,9,True,3,3,True,True,0.02,90921,19840000,69
Signal,9,9,True,3,3,True,True,0.02,92384,19840000,70
Signal,9,9,True,3,3,True,True,0.02,93857,19840000,71
Signal,9,9,True,3,3,True,True,0.02,95168,19840000,72
Signal,9,9,True,3,3,True,True,0.02,96542,19840000,73
Signal,9,9,True,3,3,True,True,0.02,97866,19840000,74
Signal,9,9,True,3,3,True,True,0.02,99214,19840000,75
Signal,9,9,True,3,3,True,True,0.02,100518,19840000,76
Signal,9,9,True,3,3,True,True,0.02,101846,19840000,77
Signal,9,9,True,3,3,True,True,0.02,103147,19840000,78
Signal,9,9,True,3,3,True,True,0.02,104624,19840000,79
Signal,9,9,True,3,3,True,True,0.02,106003,19840000,80
Signal,9,9,True,3,3,True,True,0.02,107373,19840000,81
Signal,9,9,True,3,3,True,True,0.02,108854,19840000,82
Signal,9,9,True,3,3,True,True,0.02,110172,19840000,83
Signal,9,9,True,3,3,True,True,0.02,111494,19840000,84
Signal,9,9,True,3,3,True,True,0.02,112832,19840000,85
Signal,9,9,True,3,3,True,True,0.02,114163,19840000,86
Signal,9,9,True,3,3,True,True,0.02,115541,19840000,87
Signal,9,9,True,3,3,True,True,0.02,116899,19840000,88
Signal,9,9,True,3,3,True,True,0.02,118361,19840000,89
Signal,9,9,True,3,3,True,True,0.02,119657,19840000,90
Signal,9,9,True,3,3,True,True,0.02,120947,19840000,91
Signal,9,9,True,3,3,True,True,0.02,122384,19840000,92
Signal,9,9,True,3,3,True,True,0.02,123762,19840000,93
Signal,9,9,True,3,3,True,True,0.02,125147,19840000,94
Signal,9,9,True,3,3,True,True,0.02,126534,19840000,95
Signal,9,9,True,3,3,True,True,0.02,127931,19840000,96
Signal,9,9,True,3,3,True,True,0.02,129230,19840000,97
Signal,9,9,True,3,3,True,True,0.02,130455,19840000,98
Signal,9,9,True,3,3,True,True,0.02,131731,19840000,99
Signal,9,9,True,3,3,True,True,0.02,133033,19840000,100
Signal,9,9,True,3,3,True,True,0.02,134392,19840000,101
Signal,9,9,True,3,3,True,True,0.02,135792,19840000,102
Signal,9,9,True,3,3,True,True,0.02,137179,19840000,103
Signal,9,9,True,3,3,True,True,0.02,138553,19840000,104
Signal,9,9,True,3,3,True,True,0.02,139755,19840000,105
Signal,9,9,True,3,3,True,True,0.02,141070,19840000,106
Signal,9,9,True,3,3,True,True,0.02,142515,19840000,107
Signal,9,9,True,3,3,True,True,0.02,143869,19840000,108
Signal,9,9,True,3,3,True,True,0.02,145135,19840000,109
Signal,9,9,True,3,3,True,True,0.02,146540,19840000,110
Signal,9,9,True,3,3,True,True,0.02,147961,19840000,111
Signal,9,9,True,3,3,True,True,0.02,149241,19840000,112
Signal,9,9,True,3,3,True,True,0.02,150545,19840000,113
Signal,9,9,True,3,3,True,True,0.02,151918,19840000,114
Signal,9,9,True,3,3,True,True,0.02,153222,19840000,115
Signal,9,9,True,3,3,True,True,0.02,154529,19840000,116
Signal,9,9,True,3,3,True,True,0.02,155869,19840000,117
Signal,9,9,True,3,3,True,True,0.02,157189,19840000,118
Signal,9,9,True,3,3,True,True,0.02,158612,19840000,119
Signal,9,9,True,3,3,True,True,0.02,159935,19840000,120
Signal,9,9,True,3,3,True,True,0.02,161326,19840000,121
Signal,9,9,True,3,3,True,True,0.02,162702,19840000,122
Signal,9,9,True,3,3,True,True,0.02,163984,19840000,123
Signal,9,9,True,3,3,True,True,0.02,165373,19840000,124
Signal,9,9,True,3,3,True,True,0.02,166778,19840000,125
Signal,9,9,True,3,3,True,True,0.02,168051,19840000,126
Signal,9,9,True,3,3,True,True,0.02,169275,19840000,127
Signal,9,9,True,3,3,True,True,0.02,170663,19840000,128
Signal,9,9,True,3,3,True,True,0.02,172040,19840000,129
Signal,9,9,True,3,3,True,True,0.02,173348,19840000,130
Signal,9,9,True,3,3,True,True,0.02,174748,19840000,131
Signal,9,9,True,3,3,True,True,0.02,176022,19840000,132
Signal,9,9,True,3,3,True,True,0.02,177494,19840000,133
Signal,9,9,True,3,3,True,True,0.02,178750,19840000,134
Signal,9,9,True,3,3,True,True,0.02,180145,19840000,135
Signal,9,9,True,3,3,True,True,0.02,181472,19840000,136
Signal,9,9,True,3,3,True,True,0.02,182748,19840000,137
Signal,9,9,True,3,3,True,True,0.02,184163,19840000,138
Signal,9,9,True,3,3,True,True,0.02,185490,19840000,139
Signal,9,9,True,3,3,True,True,0.02,186749,19840000,140
Signal,9,9,True,3,3,True,True,0.02,188101,19840000,141
Signal,9,9,True,3,3,True,True,0.02,189449,19840000,142
Signal,9,9,True,3,3,True,True,0.02,190861,19840000,143
Signal,9,9,True,3,3,True,True,0.02,192166,19840000,144
Signal,9,9,True,3,3,True,True,0.02,193499,19840000,145
Signal,9,9,True,3,3,True,True,0.02,194874,19840000,146
Signal,9,9,True,3,3,True,True,0.02,196279,19840000,147
Signal,9,9,True,3,3,True,True,0.02,197570,19840000,148
Signal,9,9,True,3,3,True,True,0.02,198943,19840000,149
Signal,9,9,True,3,3,True,True,0.02,200192,19840000,150
Signal,9,9,True,3,3,True,True,0.02,201567,19840000,151
Signal,9,9,True,3,3,True,True,0.02,202984,19840000,152
Signal,9,9,True,3,3,True,True,0.02,204288,19840000,153
Signal,9,9,True,3,3,True,True,0.02,205600,19840000,154
Signal,9,9,True,3,3,True,True,0.02,206938,19840000,155
Signal,9,9,True,3,3,True,True,0.02,208205,19840000,156
Signal,9,9,True,3,3,True,True,0.02,209456,19840000,157
Signal,9,9,True,3,3,True,True,0.02,210895,19840000,158
Signal,9,9,True,3,3,True,True,0.02,212156,19840000,159
Signal,9,9,True,3,3,True,True,0.02,213415,19840000,160
Signal,9,9,True,3,3,True,True,0.02,214830,19840000,161
Signal,9,9,True,3,3,True,True,0.02,216195,19840000,162
Signal,9,9,True,3,3,True,True,0.02,217567,19840000,163
Signal,9,9,True,3,3,True,True,0.02,218813,19840000,164
Signal,9,9,True,3,3,True,True,0.02,220159,19840000,165
Signal,9,9,True,3,3,True,True,0.02,221618,19840000,166
Signal,9,9,True,3,3,True,True,0.02,222931,19840000,167
Signal,9,9,True,3,3,True,True,0.02,224296,19840000,168
Signal,9,9,True,3,3,True,True,0.02,225613,19840000,169
Signal,9,9,True,3,3,True,True,0.02,226945,19840000,170
Signal,9,9,True,3,3,True,True,0.02,228260,19840000,171
Signal,9,9,True,3,3,True,True,0.02,229656,19840000,172
Signal,9,9,True,3,3,True,True,0.02,231043,19840000,173
Signal,9,9,True,3,3,True,True,0.02,232286,19840000,174
Signal,9,9,True,3,3,True,True,0.02,233650,19840000,175
Signal,9,9,True,3,3,True,True,0.02,235011,19840000,176
Signal,9,9,True,3,3,True,True,0.02,236376,19840000,177
Signal,9,9,True,3,3,True,True,0.02,237677,19840000,178
Signal,9,9,True,3,3,True,True,0.02,239103,19840000,179
Signal,9,9,True,3,3,True,True,0.02,240376,19840000,180
Signal,9,9,True,3,3,True,True,0.02,241673,19840000,181
Signal,9,9,True,3,3,True,True,0.02,242908,19840000,182
Signal,9,9,True,3,3,True,True,0.02,244202,19840000,183
Signal,9,9,True,3,3,True,True,0.02,245592,19840000,184
Signal,9,9,True,3,3,True,True,0.02,246939,19840000,185
Signal,9,9,True,3,3,True,True,0.02,248276,19840000,186
Signal,9,9,True,3,3,True,True,0.02,249662,19840000,187
Signal,9,9,True,3,3,True,True,0.02,250982,19840000,188
Signal,9,9,True,3,3,True,True,0.02,252272,19840000,189
Signal,9,9,True,3,3,True,True,0.02,253519,19840000,190
Signal,9,9,True,3,3,True,True,0.02,254974,19840000,191
Signal,9,9,True,3,3,True,True,0.02,256270,19840000,192
Signal,9,9,True,3,3,True,True,0.02,257608,19840000,193
Signal,9,9,True,3,3,True,True,0.02,258935,19840000,194
Signal,9,9,True,3,3,True,True,0.02,260310,19840000,195
Signal,9,9,True,3,3,True,True,0.02,261619,19840000,196
Signal,9,9,True,3,3,True,True,0.02,262939,19840000,197
Signal,9,9,True,3,3,True,True,0.02,264304,19840000,198
Signal,9,9,True,3,3,True,True,0.02,265644,19840000,199
Signal,15,15,True,3,3,True,True,0.02,10,306720000,0
Signal,15,15,True,3,3,True,True,0.02,73,306720000,1
Signal,15,15,True,3,3,True,True,0.02,313,306720000,2
Signal,15,15,True,3,3,True,True,0.02,770,306720000,3
Signal,15,15,True,3,3,True,True,0.02,1539,306720000,4
Signal,15,15,True,3,3,True,True,0.02,2565,306720000,5
Signal,15,15,True,3,3,True,True,0.02,3709,306720000,6
Signal,15,15,True,3,3,True,True,0.02,5124,306720000,7
Signal,15,15,True,3,3,True,True,0.02,6546,306720000,8
Signal,15,15,True,3,3,True,True,0.02,8029,306720000,9
Signal,15,15,True,3,3,True,True,0.02,9848,306720000,10
Signal,15,15,True,3,3,True,True,0.02,11681,306720000,11
Signal,15,15,True,3,3,True,True,0.02,13601,306720000,12
Signal,15,15,True,3,3,True,True,0.02,15656,306720000,13
Signal,15,15,True,3,3,True,True,0.02,17652,306720000,14
Signal,15,15,True,3,3,True,True,0.02,19733,306720000,15
Signal,15,15,True,3,3,True,True,0.02,21828,306720000,16
Signal,15,15,True,3,3,True,True,0.02,24126,306720000,17
Signal,15,15,True,3,3,True,True,0.02,26404,306720000,18
Signal,15,15,True,3,3,True,True,0.02,28600,306720000,19
Signal,15,15,True,3,3,True,True,0.02,30806,306720000,20
Signal,15,15,True,3,3,True,True,0.02,33145,306720000,21
Signal,15,15,True,3,3,True,True,0.02,35464,306720000,22
Signal,15,15,True,3,3,True,True,0.02,37993,306720000,23
Signal,15,15,True,3,3,True,True,0.02,40260,306720000,24
Signal,15,15,True,3,3,True,True,0.02,42630,306720000,25
Signal,15,15,True,3,3,True,True,0.02,45029,306720000,26
Signal,15,15,True,3,3,True,True,0.02,47506,306720000,27
Signal,15,15,True,3,3,True,True,0.02,49708,306720000,28
Signal,15,15,True,3,3,True,True,0.02,52291,306720000,29
Signal,15,15,True,3,3,True,True,0.02,54849,306720000,30
Signal,15,15,True,3,3,True,True,0.02,57202,306720000,31
Signal,15,15,True,3,3,True,True,0.02,59588,306720000,32
Signal,15,15,True,3,3,True,True,0.02,62028,306720000,33
Signal,15,15,True,3,3,True,True,0.02,64200,306720000,34
Signal,15,15,True,3,3,True,True,0.02,66752,306720000,35
Signal,15,15,True,3,3,True,True,0.02,69065,306720000,36
Signal,15,15,True,3,3,True,True,0.02,71505,306720000,37
Signal,15,15,True,3,3,True,True,0.02,73976,306720000,38
Signal,15,15,True,3,3,True,True,0.02,76190,306720000,39
Signal,15,15,True,3,3,True,True,0.02,78620,306720000,40
Signal,15,15,True,3,3,True,True,0.02,81089,306720000,41
Signal,15,15,True,3,3,True,True,0.02,83640,306720000,42
Signal,15,15,True,3,3,True,True,0.02,85873,306720000,43
Signal,15,15,True,3,3,True,True,0.02,88300,306720000,44
Signal,15,15,True,3,3,True,True,0.02,90718,306720000,45
Signal,15,15,True,3,3,True,True,0.02,93137,306720000,46
Signal,15,15,True,3,3,True,True,0.02,95487,306720000,47
Signal,15,15,True,3,3,True,True,0.02,97840,306720000,48
Signal,15,15,True,3,3,True,True,0.02,100155,306720000,49
Signal,15,15,True,3,3,True,True,0.02,102535,306720000,50
Signal,15,15,True,3,3,True,True,0.02,104943,306720000,51
Signal,15,15,True,3,3,True,True,0.02,107431,306720000,52
Signal,15,15,True,3,3,True,True,0.02,109718,306720000,53
Signal,15,15,True,3,3,True,True,0.02,112234,306720000,54
Signal,15,15,True,3,3,True,True,0.02,114806,306720000,55
Signal,15,15,True,3,3,True,True,0.02,117243,306720000,56
Signal,15,15,True,3,3,True,True,0.02,119695,306720000,57
Signal,15,15,True,3,3,True,True,0.02,122042,306720000,58
Signal,15,15,True,3,3,True,True,0.02,124469,306720000,59
Signal,15,15,True,3,3,True,True,0.02,126659,306720000,60
Signal,15,15,True,3,3,True,True,0.02,128915,306720000,61
Signal,15,15,True,3,3,True,True,0.02,131368,306720000,62
Signal,15,15,True,3,3,True,True,0.02,133634,306720000,63
Signal,15,15,True,3,3,True,True,0.02,136088,306720000,64
Signal,15,15,True,3,3,True,True,0.02,138404,306720000,65
Signal,15,15,True,3,3,True,True,0.02,140808,306720000,66
Signal,15,15,True,3,3,True,True,0.02,143201,306720000,67
Signal,15,15,True,3,3,True,True,0.02,145639,306720000,68
Signal,15,15,True,3,3,True,True,0.02,147998,306720000,69
Signal,15,15,True,3,3,True,True,0.02,150467,306720000,70
Signal,15,15,True,3,3,True,True,0.02,152972,306720000,71
Signal,15,15,True,3,3,True,True,0.02,155183,306720000,72
Signal,15,15,True,3,3,True,True,0.02,157615,306720000,73
Signal,15,15,True,3,3,True,True,0.02,160089,306720000,74
Signal,15,15,True,3,3,True,True,0.02,162225,306720000,75
Signal,15,15,True,3,3,True,True,0.02,164809,306720000,76
Signal,15,15,True,3,3,True,True,0.02,167196,306720000,77
Signal,15,15,True,3,3,True,True,0.02,169540,306720000,78
Signal,15,15,True,3,3,True,True,0.02,171591,306720000,79
Signal,15,15,True,3,3,True,True,0.02,174042,306720000,80
Signal,15,15,True,3,3,True,True,0.02,176567,306720000,81
Signal,15,15,True,3,3,True,True,0.02,178807,306720000,82
Signal,15,15,True,3,3,True,True,0.02,181257,306720000,83
Signal,15,15,True,3,3,True,True,0.02,183662,306720000,84
Signal,15,15,True,3,3,True,True,0.02,186142,306720000,85
Signal,15,15,True,3,3,True,True,0.02,188530,306720000,86
Signal,15,15,True,3,3,True,True,0.02,190822,306720000,87
Signal,15,15,True,3,3,True,True,0.02,193119,306720000,88
Signal,15,15,True,3,3,True,True,0.02,195572,306720000,89
Signal,15,15,True,3,3,True,True,0.02,198071,306720000,90
Signal,15,15,True,3,3,True,True,0.02,200397,306720000,91
Signal,15,15,True,3,3,True,True,0.02,202689,306720000,92
Signal,15,15,True,3,3,True,True,0.02,205031,306720000,93
Signal,15,15,True,3,3,True,True,0.02,207424,306720000,94
Signal,15,15,True,3,3,True,True,0.02,209850,306720000,95
Signal,15,15,True,3,3,True,True,0.02,212303,306720000,96
Signal,15,15,True,3,3,True,True,0.02,214751,306720000,97
Signal,15,15,True,3,3,True,True,0.02,217101,306720000,98
Signal,15,15,True,3,3,True,True,0.02,219587,306720000,99
Signal,15,15,True,3,3,True,True,0.02,221876,306720000,100
Signal,15,15,True,3,3,True,True,0.02,224189,306720000,101
Signal,15,15,True,3,3,True,True,0.02,226541,306720000,102
Signal,15,15,True,3,3,True,True,0.02,228998,306720000,103
Signal,15,15,True,3,3,True,True,0.02,231445,306720000,104
Signal,15,15,True,3,3,True,True,0.02,233847,306720000,105
Signal,15,15,True,3,3,True,True,0.02,236016,306720000,106
Signal,15,15,True,3,3,True,True,0.02,238276,306720000,107
Signal,15,15,True,3,3,True,True,0.02,240582,306720000,108
Signal,15,15,True,3,3,True,True,0.02,243061,306720000,109
Signal,15,15,True,3,3,True,True,0.02,245393,306720000,110
Signal,15,15,True,3,3,True,True,0.02,247729,306720000,111
Signal,15,15,True,3,3,True,True,0.02,250053,306720000,112
Signal,15,15,True,3,3,True,True,0.02,252347,306720000,113
Signal,15,15,True,3,3,True,True,0.02,254695,306720000,114
Signal,15,15,True,3,3,True,True,0.02,257268,306720000,115
Signal,15,15,True,3,3,True,True,0.02,259474,306720000,116
Signal,15,15,True,3,3,True,True,0.02,261897,306720000,117
Signal,15,15,True,3,3,True,True,0.02,264322,306720000,118
Signal,15,15,True,3,3,True,True,0.02,266852,306720000,119
Signal,15,15,True,3,3,True,True,0.02,269293,306720000,120
Signal,15,15,True,3,3,True,True,0.02,271635,306720000,121
Signal,15,15,True,3,3,True,True,0.02,273901,306720000,122
Signal,15,15,True,3,3,True,True,0.02,276189,306720000,123
Signal,15,15,True,3,3,True,True,0.02,278602,306720000,124
Signal,15,15,True,3,3,True,True,0.02,281007,306720000,125
Signal,15,15,True,3,3,True,True,0.02,283485,306720000,126
Signal,15,15,True,3,3,True,True,0.02,285734,306720000,127
Signal,15,15,True,3,3,True,True,0.02,288117,306720000,128
Signal,15,15,True,3,3,True,True,0.02,290351,306720000,129
Signal,15,15,True,3,3,True,True,0.02,292685,306720000,130
Signal,15,15,True,3,3,True,True,0.02,295185,306720000,131
Signal,15,15,True,3,3,True,True,0.02,297428,306720000,132
Signal,15,15,True,3,3,True,True,0.02,299812,306720000,133
Signal,15,15,True,3,3,True,True,0.02,302243,306720000,134
Signal,15,15,True,3,3,True,True,0.02,304458,306720000,135
Signal,15,15,True,3,3,True,True,0.02,306871,306720000,136
Signal,15,15,True,3,3,True,True,0.02,309139,306720000,137
Signal,15,15,True,3,3,True,True,0.02,311512,306720000,138
Signal,15,15,True,3,3,True,True,0.02,314049,306720000,139
Signal,15,15,True,3,3,True,True,0.02,316506,306720000,140
Signal,15,15,True,3,3,True,True,0.02,318868,306720000,141
Signal,15,15,True,3,3,True,True,0.02,321118,306720000,142
Signal,15,15,True,3,3,True,True,0.02,323663,306720000,143
Signal,15,15,True,3,3,True,True,0.02,325967,306720000,144
Signal,15,15,True,3,3,True,True,0.02,328280,306720000,145
Signal,15,15,True,3,3,True,True,0.02,330851,306720000,146
Signal,15,15,True,3,3,True,True,0.02,333209,306720000,147
Signal,15,15,True,3,3,True,True,0.02,335640,306720000,148
Signal,15,15,True,3,3,True,True,0.02,338181,306720000,149
Signal,15,15,True,3,3,True,True,0.02,340602,306720000,150
Signal,15,15,True,3,3,True,True,0.02,342857,306720000,151
Signal,15,15,True,3,3,True,True,0.02,345066,306720000,152
Signal,15,15,True,3,3,True,True,0.02,347637,306720000,153
Signal,15,15,True,3,3,True,True,0.02,349981,306720000,154
Signal,15,15,True,3,3,True,True,0.02,352367,306720000,155
Signal,15,15,True,3,3,True,True,0.02,354558,306720000,156
Signal,15,15,True,3,3,True,True,0.02,357147,306720000,157
Signal,15,15,True,3,3,True,True,0.02,359428,306720000,158
Signal,15,15,True,3,3,True,True,0.02,361831,306720000,159
Signal,15,15,True,3,3,True,True,0.02,364205,306720000,160
Signal,15,15,True,3,3,True,True,0.02,366613,306720000,161
Signal,15,15,True,3,3,True,True,0.02,368986,306720000,162
Signal,15,15,True,3,3,True,True,0.02,371222,306720000,163
Signal,15,15,True,3,3,True,True,0.02,373739,306720000,164
Signal,15,15,True,3,3,True,True,0.02,376200,306720000,165
Signal,15,15,True,3,3,True,True,0.02,378529,306720000,166
Signal,15,15,True,3,3,True,True,0.02,380856,306720000,167
Signal,15,15,True,3,3,True,True,0.02,383202,306720000,168
Signal,15,15,True,3,3,True,True,0.02,385711,306720000,169
Signal,15,15,True,3,3,True,True,0.02,387979,306720000,170
Signal,15,15,True,3,3,True,True,0.02,390337,306720000,171
Signal,15,15,True,3,3,True,True,0.02,392651,306720000,172
Signal,15,15,True,3,3,True,True,0.02,395032,306720000,173
Signal,15,15,True,3,3,True,True,0.02,397368,306720000,174
Signal,15,15,True,3,3,True,True,0.02,399613,306720000,175
Signal,15,15,True,3,3,True,True,0.02,402054,306720000,176
Signal,15,15,True,3,3,True,True,0.02,404278,306720000,177
Signal,15,15,True,3,3,True,True,0.02,406724,306720000,178
Signal,15,15,True,3,3,True,True,0.02,409159,306720000,179
Signal,15,15,True,3,3,True,True,0.02,411545,306720000,180
Signal,15,15,True,3,3,True,True,0.02,413884,306720000,181
Signal,15,15,True,3,3,True,True,0.02,416062,306720000,182
Signal,15,15,True,3,3,True,True,0.02,418548,306720000,183
Signal,15,15,True,3,3,True,True,0.02,420975,306720000,184
Signal,15,15,True,3,3,True,True,0.02,423435,306720000,185
Signal,15,15,True,3,3,True,True,0.02,425622,306720000,186
Signal,15,15,True,3,3,True,True,0.02,428084,306720000,187
Signal,15,15,True,3,3,True,True,0.02,430530,306720000,188
Signal,15,15,True,3,3,True,True,0.02,432876,306720000,189
Signal,15,15,True,3,3,True,True,0.02,435126,306720000,190
Signal,15,15,True,3,3,True,True,0.02,437448,306720000,191
Signal,15,15,True,3,3,True,True,0.02,439932,306720000,192
Signal,15,15,True,3,3,True,True,0.02,442228,306720000,193
Signal,15,15,True,3,3,True,True,0.02,444764,306720000,194
Signal,15,15,True,3,3,True,True,0.02,446944,306720000,195
Signal,15,15,True,3,3,True,True,0.02,449215,306720000,196
Signal,15,15,True,3,3,True,True,0.02,451680,306720000,197
Signal,15,15,True,3,3,True,True,0.02,454001,306720000,198
Signal,15,15,True,3,3,True,True,0.02,456474,306720000,199
Signal,25,25,True,3,3,True,True,0.02,0,499200000,0
Signal,25,25,True,3,3,True,True,0.02,0,499200000,1
Signal,25,25,True,3,3,True,True,0.02,0,499200000,2
Signal,25,25,True,3,3,True,True,0.02,0,499200000,3
Signal,25,25,True,3,3,True,True,0.02,7,499200000,4
Signal,25,25,True,3,3,True,True,0.02,22,499200000,5
Signal,25,25,True,3,3,True,True,0.02,50,499200000,6
Signal,25,25,True,3,3,True,True,0.02,73,499200000,7
Signal,25,25,True,3,3,True,True,0.02,109,499200000,8
Signal,25,25,True,3,3,True,True,0.02,167,499200000,9
Signal,25,25,True,3,3,True,True,0.02,234,499200000,10
Signal,25,25,True,3,3,True,True,0.02,327,499200000,11
Signal,25,25,True,3,3,True,True,0.02,411,499200000,12
Signal,25,25,True,3,3,True,True,0.02,528,499200000,13
Signal,25,25,True,3,3,True,True,0.02,644,499200000,14
Signal,25,25,True,3,3,True,True,0.02,786,499200000,15
Signal,25,25,True,3,3,True,True,0.02,899,499200000,16
Signal,25,25,True,3,3,True,True,0.02,1043,499200000,17
Signal,25,25,True,3,3,True,True,0.02,1201,499200000,18
Signal,25,25,True,3,3,True,True,0.02,1372,499200000,19
Signal,25,25,True,3,3,True,True,0.02,1571,499200000,20
Signal,25,25,True,3,3,True,True,0.02,1746,499200000,21
Signal,25,25,True,3,3,True,True,0.02,1874,499200000,22
Signal,25,25,True,3,3,True,True,0.02,2055,499200000,23
Signal,25,25,True,3,3,True,True,0.02,2287,499200000,24
Signal,25,25,True,3,3,True,True,0.02,2460,499200000,25
Signal,25,25,True,3,3,True,True,0.02,2706,499200000,26
Signal,25,25,True,3,3,True,True,0.02,2933,499200000,27
Signal,25,25,True,3,3,True,True,0.02,3158,499200000,28
Signal,25,25,True,3,3,True,True,0.02,3450,499200000,29
Signal,25,25,True,3,3,True,True,0.02,3730,499200000,30
Signal,25,25,True,3,3,True,True,0.02,4017,499200000,31
Signal,25,25,True,3,3,True,True,0.02,4233,499200000,32
Signal,25,25,True,3,3,True,True,0.02,4529,499200000,33
Signal,25,25,True,3,3,True,True,0.02,4822,499200000,34
Signal,25,25,True,3,3,True,True,0.02,5082,499200000,35
Signal,25,25,True,3,3,True,True,0.02,5396,499200000,36
Signal,25,25,True,3,3,True,True,0.02,5698,499200000,37
Signal,25,25,True,3,3,True,True,0.02,5972,499200000,38
Signal,25,25,True,3,3,True,True,0.02,6267,499200000,39
Signal,25,25,True,3,3,True,True,0.02,6600,499200000,40
Signal,25,25,True,3,3,True,True,0.02,6889,499200000,41
Signal,25,25,True,3,3,True,True,0.02,7178,499200000,42
Signal,25,25,True,3,3,True,True,0.02,7441,499200000,43
Signal,25,25,True,3,3,True,True,0.02,7808,499200000,44
Signal,25,25,True,3,3,True,True,0.02,8085,499200000,45
Signal,25,25,True,3,3,True,True,0.02,8418,499200000,46
Signal,25,25,True,3,3,True,True,0.02,8784,499200000,47
Signal,25,25,True,3,3,True,True,0.02,9069,499200000,48
Signal,25,25,True,3,3,True,True,0.02,9464,499200000,49
Signal,25,25,True,3,3,True,True,0.02,9747,499200000,50
Signal,25,25,True,3,3,True,True,0.02,10014,499200000,51
Signal,25,25,True,3,3,True,True,0.02,10425,499200000,52
Signal,25,25,True,3,3,True,True,0.02,10689,499200000,53
Signal,25,25,True,3,3,True,True,0.02,11056,499200000,54
Signal,25,25,True,3,3,True,True,0.02,11359,499200000,55
Signal,25,25,True,3,3,True,True,0.02,11690,499200000,56
Signal,25,25,True,3,3,True,True,0.02,12004,499200000,57
Signal,25,25,True,3,3,True,True,0.02,12246,499200000,58
Signal,25,25,True,3,3,True,True,0.02,12601,499200000,59
Signal,25,25,True,3,3,True,True,0.02,12960,499200000,60
Signal,25,25,True,3,3,True,True,0.02,13234,499200000,61
Signal,25,25,True,3,3,True,True,0.02,13546,499200000,62
Signal,25,25,True,3,3,True,True,0.02,13846,499200000,63
Signal,25,25,True,3,3,True,True,0.02,14132,499200000,64
Signal,25,25,True,3,3,True,True,0.02,14396,499200000,65
Signal,25,25,True,3,3,True,True,0.02,14771,499200000,66
Signal,25,25,True,3,3,True,True,0.02,15079,499200000,67
Signal,25,25,True,3,3,True,True,0.02,15426,499200000,68
Signal,25,25,True,3,3,True,True,0.02,15751,499200000,69
Signal,25,25,True,3,3,True,True,0.02,16085,499200000,70
Signal,25,25,True,3,3,True,True,0.02,16444,499200000,71
Signal,25,25,True,3,3,True,True,0.02,16724,499200000,72
Signal,25,25,True,3,3,True,True,0.02,17097,499200000,73
Signal,25,25,True,3,3,True,True,0.02,17435,499200000,74
Signal,25,25,True,3,3,True,True,0.02,17700,499200000,75
Signal,25,25,True,3,3,True,True,0.02,18075,499200000,76
Signal,25,25,True,3,3,True,True,0.02,18405,499200000,77
Signal,25,25,True,3,3,True,True,0.02,18689,499200000,78
Signal,25,25,True,3,3,True,True,0.02,19038,499200000,79
Signal,25,25,True,3,3,True,True,0.02,19334,499200000,80
Signal,25,25,True,3,3,True,True,0.02,19666,499200000,81
Signal,25,25,True,3,3,True,True,0.02,20030,499200000,82
Signal,25,25,True,3,3,True,True,0.02,20336,499200000,83
Signal,25,25,True,3,3,True,True,0.02,20677,499200000,84
Signal,25,25,True,3,3,True,True,0.02,21010,499200000,85
Signal,25,25,True,3,3,True,True,0.02,21288,499200000,86
Signal,25,25,True,3,3,True,True,0.02,21554,499200000,87
Signal,25,25,True,3,3,True,True,0.02,21849,499200000,88
Signal,25,25,True,3,3,True,True,0.02,22238,499200000,89
Signal,25,25,True,3,3,True,True,0.02,22508,499200000,90
Signal,25,25,True,3,3,True,True,0.02,22948,499200000,91
Signal,25,25,True,3,3,True,True,0.02,23268,499200000,92
Signal,25,25,True,3,3,True,True,0.02,23618,499200000,93
Signal,25,25,True,3,3,True,True,0.02,23903,499200000,94
Signal,25,25,True,3,3,True,True,0.02,24186,499200000,95
Signal,25,25,True,3,3,True,True,0.02,24463,499200000,96
Signal,25,25,True,3,3,True,True,0.02,24920,499200000,97
Signal,25,25,True,3,3,True,True,0.02,25183,499200000,98
Signal,25,25,True,3,3,True,True,0.02,25565,499200000,99
Signal,25,25,True,3,3,True,True,0.02,25834,499200000,100
Signal,25,25,True,3,3,True,True,0.02,26277,499200000,101
Signal,25,25,True,3,3,True,True,0.02,26575,499200000,102
Signal,25,25,True,3,3,True,True,0.02,26871,499200000,103
Signal,25,25,True,3,3,True,True,0.02,27196,499200000,104
Signal,25,25,True,3,3,True,True,0.02,27507,499200000,105
Signal,25,25,True,3,3,True,True,0.02,27819,499200000,106
Signal,25,25,True,3,3,True,True,0.02,28168,499200000,107
Signal,25,25,True,3,3,True,True,0.02,28549,499200000,108
Signal,25,25,True,3,3,True,True,0.02,28871,499200000,109
Signal,25,25,True,3,3,True,True,0.02,29160,499200000,110
Signal,25,25,True,3,3,True,True,0.02,29501,499200000,111
Signal,25,25,True,3,3,True,True,0.02,29866,499200000,112
Signal,25,25,True,3,3,True,True,0.02,30147,499200000,113
Signal,25,25,True,3,3,True,True,0.02,30402,499200000,114
Signal,25,25,True,3,3,True,True,0.02,30687,499200000,115
Signal,25,25,True,3,3,True,True,0.02,30918,499200000,116
Signal,25,25,True,3,3,True,True,0.02,31291,499200000,117
Signal,25,25,True,3,3,True,True,0.02,31627,499200000,118
Signal,25,25,True,3,3,True,True,0.02,31976,499200000,119
Signal,25,25,True,3,3,True,True,0.02,32282,499200000,120
Signal,25,25,True,3,3,True,True,0.02,32593,499200000,121
Signal,25,25,True,3,3,True,True,0.02,32941,499200000,122
Signal,25,25,True,3,3,True,True,0.02,33345,499200000,123
Signal,25,25,True,3,3,True,True,0.02,33642,499200000,124
Signal,25,25,True,3,3,True,True,0.02,34020,499200000,125
Signal,25,25,True,3,3,True,True,0.02,34346,499200000,126
Signal,25,25,True,3,3,True,True,0.02,34707,499200000,127
Signal,25,25,True,3,3,True,True,0.02,35035,499200000,128
Signal,25,25,True,3,3,True,True,0.02,35379,499200000,129
Signal,25,25,True,3,3,True,True,0.02,35654,499200000,130
Signal,25,25,True,3,3,True,True,0.02,35969,499200000,131
Signal,25,25,True,3,3,True,True,0.02,36339,499200000,132
Signal,25,25,True,3,3,True,True,0.02,36668,499200000,133
Signal,25,25,True,3,3,True,True,0.02,36936,499200000,134
Signal,25,25,True,3,3,True,True,0.02,37230,499200000,135
Signal,25,25,True,3,3,True,True,0.02,37657,499200000,136
Signal,25,25,True,3,3,True,True,0.02,37960,499200000,137
Signal,25,25,True,3,3,True,True,0.02,38270,499200000,138
Signal,25,25,True,3,3,True,True,0.02,38645,499200000,139
Signal,25,25,True,3,3,True,True,0.02,38999,499200000,140
Signal,25,25,True,3,3,True,True,0.02,39315,499200000,141
Signal,25,25,True,3,3,True,True,0.02,39649,499200000,142
Signal,25,25,True,3,3,True,True,0.02,39991,499200000,143
Signal,25,25,True,3,3,True,True,0.02,40284,499200000,144
Signal,25,25,True,3,3,True,True,0.02,40533,499200000,145
Signal,25,25,True,3,3,True,True,0.02,40891,499200000,146
Signal,25,25,True,3,3,True,True,0.02,41208,499200000,147
Signal,25,25,True,3,3,True,True,0.02,41599,499200000,148
Signal,25,25,True,3,3,True,True,0.02,41909,499200000,149
Signal,25,25,True,3,3,True,True,0.02,42262,499200000,150
Signal,25,25,True,3,3,True,True,0.02,42589,499200000,151
Signal,25,25,True,3,3,True,True,0.02,42891,499200000,152
Signal,25,25,True,3,3,True,True,0.02,43290,499200000,153
Signal,25,25,True,3,3,True,True,0.02,43582,499200000,154
Signal,25,25,True,3,3,True,True,0.02,43856,499200000,155
Signal,25,25,True,3,3,True,True,0.02,44185,499200000,156
Signal,25,25,True,3,3,True,True,0.02,44507,499200000,157
Signal,25,25,True,3,3,True,True,0.02,44818,499200000,158
Signal,25,25,True,3,3,True,True,0.02,45197,499200000,159
Signal,25,25,True,3,3,True,True,0.02,45567,499200000,160
Signal,25,25,True,3,3,True,True,0.02,45849,499200000,161
Signal,25,25,True,3,3,True,True,0.02,46145,499200000,162
Signal,25,25,True,3,3,True,True,0.02,46510,499200000,163
Signal,25,25,True,3,3,True,True,0.02,46867,499200000,164
Signal,25,25,True,3,3,True,True,0.02,47144,499200000,165
Signal,25,25,True,3,3,True,True,0.02,47515,499200000,166
Signal,25,25,True,3,3,True,True,0.02,47857,499200000,167
Signal,25,25,True,3,3,True,True,0.02,48144,499200000,168
Signal,25,25,True,3,3,True,True,0.02,48511,499200000,169
Signal,25,25,True,3,3,True,True,0.02,48861,499200000,170
Signal,25,25,True,3,3,True,True,0.02,49180,499200000,171
Signal,25,25,True,3,3,True,True,0.02,49459,499200000,172
Signal,25,25,True,3,3,True,True,0.02,49743,499200000,173
Signal,25,25,True,3,3,True,True,0.02,50036,499200000,174
Signal,25,25,True,3,3,True,True,0.02,50383,499200000,175
Signal,25,25,True,3,3,True,True,0.02,50698,499200000,176
Signal,25,25,True,3,3,True,True,0.02,51030,499200000,177
Signal,25,25,True,3,3,True,True,0.02,51385,499200000,178
Signal,25,25,True,3,3,True,True,0.02,51690,499200000,179
Signal,25,25,True,3,3,True,True,0.02,52123,499200000,180
Signal,25,25,True,3,3,True,True,0.02,52386,499200000,181
Signal,25,25,True,3,3,True,True,0.02,52715,499200000,182
Signal,25,25,True,3,3,True,True,0.02,52960,499200000,183
Signal,25,25,True,3,3,True,True,0.02,53332,499200000,184
Signal,25,25,True,3,3,True,True,0.02,53727,499200000,185
Signal,25,25,True,3,3,True,True,0.02,53985,499200000,186
Signal,25,25,True,3,3,True,True,0.02,54251,499200000,187
Signal,25,25,True,3,3,True,True,0.02,54533,499200000,188
Signal,25,25,True,3,3,True,True,0.02,54927,499200000,189
Signal,25,25,True,3,3,True,True,0.02,55271,499200000,190
Signal,25,25,True,3,3,True,True,0.02,55640,499200000,191
Signal,25,25,True,3,3,True,True,0.02,55957,499200000,192
Signal,25,25,True,3,3,True,True,0.02,56322,499200000,193
Signal,25,25,True,3,3,True,True,0.02,56572,499200000,194
Signal,25,25,True,3,3,True,True,0.02,56893,499200000,195
Signal,25,25,True,3,3,True,True,0.02,57235,499200000,196
Signal,25,25,True,3,3,True,True,0.02,57548,499200000,197
Signal,25,25,True,3,3,True,True,0.02,57895,499200000,198
Signal,25,25,True,3,3,True,True,0.02,58261,499200000,199
Signal,35,35,True,3,3,True,True,0.02,0,499200000,0
Signal,35,35,True,3,3,True,True,0.02,0,499200000,1
Signal,35,35,True,3,3,True,True,0.02,0,499200000,2
Signal,35,35,True,3,3,True,True,0.02,0,499200000,3
Signal,35,35,True,3,3,True,True,0.02,0,499200000,4
Signal,35,35,True,3,3,True,True,0.02,0,499200000,5
Signal,35,35,True,3,3,True,True,0.02,1,499200000,6
Signal,35,35,True,3,3,True,True,0.02,0,499200000,7
Signal,35,35,True,3,3,True,True,0.02,0,499200000,8
Signal,35,35,True,3,3,True,True,0.02,2,499200000,9
Signal,35,35,True,3,3,True,True,0.02,5,499200000,10
Signal,35,35,True,3,3,True,True,0.02,6,499200000,11
Signal,35,35,True,3,3,True,True,0.02,6,499200000,12
Signal,35,35,True,3,3,True,True,0.02,8,499200000,13
Signal,35,35,True,3,3,True,True,0.02,15,499200000,14
Signal,35,35,True,3,3,True,True,0.02,27,499200000,15
Signal,35,35,True,3,3,True,True,0.02,22,499200000,16
Signal,35,35,True,3,3,True,True,0.02,26,499200000,17
Signal,35,35,True,3,3,True,True,0.02,35,499200000,18
Signal,35,35,True,3,3,True,True,0.02,59,499200000,19
Signal,35,35,True,3,3,True,True,0.02,62,499200000,20
Signal,35,35,True,3,3,True,True,0.02,66,499200000,21
Signal,35,35,True,3,3,True,True,0.02,89,499200000,22
Signal,35,35,True,3,3,True,True,0.02,101,499200000,23
Signal,35,35,True,3,3,True,True,0.02,112,499200000,24
Signal,35,35,True,3,3,True,True,0.02,132,499200000,25
Signal,35,35,True,3,3,True,True,0.02,158,499200000,26
Signal,35,35,True,3,3,True,True,0.02,166,499200000,27
Signal,35,35,True,3,3,True,True,0.02,177,499200000,28
Signal,35,35,True,3,3,True,True,0.02,200,499200000,29
Signal,35,35,True,3,3,True,True,0.02,224,499200000,30
Signal,35,35,True,3,3,True,True,0.02,246,499200000,31
Signal,35,35,True,3,3,True,True,0.02,267,499200000,32
Signal,35,35,True,3,3,True,True,0.02,285,499200000,33
Signal,35,35,True,3,3,True,True,0.02,311,499200000,34
Signal,35,35,True,3,3,True,True,0.02,342,499200000,35
Signal,35,35,True,3,3,True,True,0.02,371,499200000,36
Signal,35,35,True,3,3,True,True,0.02,386,499200000,37
Signal,35,35,True,3,3,True,True,0.02,404,499200000,38
Signal,35,35,True,3,3,True,True,0.02,447,499200000,39
Signal,35,35,True,3,3,True,True,0.02,480,499200000,40
Signal,35,35,True,3,3,True,True,0.02,521,499200000,41
Signal,35,35,True,3,3,True,True,0.02,557,499200000,42
Signal,35,35,True,3,3,True,True,0.02,581,499200000,43
Signal,35,35,True,3,3,True,True,0.02,609,499200000,44
Signal,35,35,True,3,3,True,True,0.02,669,499200000,45
Signal,35,35,True,3,3,True,True,0.02,704,499200000,46
Signal,35,35,True,3,3,True,True,0.02,709,499200000,47
Signal,35,35,True,3,3,True,True,0.02,749,499200000,48
Signal,35,35,True,3,3,True,True,0.02,788,499200000,49
Signal,35,35,True,3,3,True,True,0.02,812,499200000,50
Signal,35,35,True,3,3,True,True,0.02,865,499200000,51
Signal,35,35,True,3,3,True,True,0.02,882,499200000,52
Signal,35,35,True,3,3,True,True,0.02,934,499200000,53
Signal,35,35,True,3,3,True,True,0.02,985,499200000,54
Signal,35,35,True,3,3,True,True,0.02,1010,499200000,55
Signal,35,35,True,3,3,True,True,0.02,1063,499200000,56
Signal,35,35,True,3,3,True,True,0.02,1099,499200000,57
Signal,35,35,True,3,3,True,True,0.02,1172,499200000,58
Signal,35,35,True,3,3,True,True,0.02,1205,499200000,59
Signal,35,35,True,3,3,True,True,0.02,1248,499200000,60
Signal,35,35,True,3,3,True,True,0.02,1315,499200000,61
Signal,35,35,True,3,3,True,True,0.02,1358,499200000,62
Signal,35,35,True,3,3,True,True,0.02,1444,499200000,63
Signal,35,35,True,3,3,True,True,0.02,1492,499200000,64
Signal,35,35,True,3,3,True,True,0.02,1500,499200000,65
Signal,35,35,True,3,3,True,True,0.02,1568,499200000,66
Signal,35,35,True,3,3,True,True,0.02,1601,499200000,67
Signal,35,35,True,3,3,True,True,0.02,1621,499200000,68
Signal,35,35,True,3,3,True,True,0.02,1669,499200000,69
Signal,35,35,True,3,3,True,True,0.02,1707,499200000,70
Signal,35,35,True,3,3,True,True,0.02,1778,499200000,71
Signal,35,35,True,3,3,True,True,0.02,1805,499200000,72
Signal,35,35,True,3,3,True,True,0.02,1864,499200000,73
Signal,35,35,True,3,3,True,True,0.02,1893,499200000,74
Signal,35,35,True,3,3,True,True,0.02,1970,499200000,75
Signal,35,35,True,3,3,True,True,0.02,1994,499200000,76
Signal,35,35,True,3,3,True,True,0.02,2065,499200000,77
Signal,35,35,True,3,3,True,True,0.02,2138,499200000,78
Signal,35,35,True,3,3,True,True,0.02,2160,499200000,79
Signal,35,35,True,3,3,True,True,0.02,2217,499200000,80
Signal,35,35,True,3,3,True,True,0.02,2252,499200000,81
Signal,35,35,True,3,3,True,True,0.02,2295,499200000,82
Signal,35,35,True,3,3,True,True,0.02,2340,499200000,83
Signal,35,35,True,3,3,True,True,0.02,2376,499200000,84
Signal,35,35,True,3,3,True,True,0.02,2473,499200000,85
Signal,35,35,True,3,3,True,True,0.02,2509,499200000,86
Signal,35,35,True,3,3,True,True,0.02,2540,499200000,87
Signal,35,35,True,3,3,True,True,0.02,2604,499200000,88
Signal,35,35,True,3,3,True,True,0.02,2627,499200000,89
Signal,35,35,True,3,3,True,True,0.02,2662,499200000,90
Signal,35,35,True,3,3,True,True,0.02,2719,499200000,91
Signal,35,35,True,3,3,True,True,0.02,2757,499200000,92
Signal,35,35,True,3,3,True,True,0.02,2807,499200000,93
Signal,35,35,True,3,3,True,True,0.02,2872,499200000,94
Signal,35,35,True,3,3,True,True,0.02,2916,499200000,95
Signal,35,35,True,3,3,True,True,0.02,2969,499200000,96
Signal,35,35,True,3,3,True,True,0.02,3023,499200000,97
Signal,35,35,True,3,3,True,True,0.02,3072,499200000,98
Signal,35,35,True,3,3,True,True,0.02,3120,499200000,99
Signal,35,35,True,3,3,True,True,0.02,3157,499200000,100
Signal,35,35,True,3,3,True,True,0.02,3222,499200000,101
Signal,35,35,True,3,3,True,True,0.02,3253,499200000,102
Signal,35,35,True,3,3,True,True,0.02,3268,499200000,103
Signal,35,35,True,3,3,True,True,0.02,3335,499200000,104
Signal,35,35,True,3,3,True,True,0.02,3353,499200000,105
Signal,35,35,True,3,3,True,True,0.02,3405,499200000,106
Signal,35,35,True,3,3,True,True,0.02,3458,499200000,107
Signal,35,35,True,3,3,True,True,0.02,3515,499200000,108
Signal,35,35,True,3,3,True,True,0.02,3561,499200000,109
Signal,35,35,True,3,3,True,True,0.02,3595,499200000,110
Signal,35,35,True,3,3,True,True,0.02,3657,499200000,111
Signal,35,35,True,3,3,True,True,0.02,3753,499200000,112
Signal,35,35,True,3,3,True,True,0.02,3819,499200000,113
Signal,35,35,True,3,3,True,True,0.02,3879,499200000,114
Signal,35,35,True,3,3,True,True,0.02,3972,499200000,115
Signal,35,35,True,3,3,True,True,0.02,3992,499200000,116
Signal,35,35,True,3,3,True,True,0.02,4011,499200000,117
Signal,35,35,True,3,3,True,True,0.02,4066,499200000,118
Signal,35,35,True,3,3,True,True,0.02,4130,499200000,119
Signal,35,35,True,3,3,True,True,0.02,4163,499200000,120
Signal,35,35,True,3,3,True,True,0.02,4219,499200000,121
Signal,35,35,True,3,3,True,True,0.02,4274,499200000,122
Signal,35,35,True,3,3,True,True,0.02,4359,499200000,123
Signal,35,35,True,3,3,True,True,0.02,4384,499200000,124
Signal,35,35,True,3,3,True,True,0.02,4442,499200000,125
Signal,35,35,True,3,3,True,True,0.02,4493,499200000,126
Signal,35,35,True,3,3,True,True,0.02,4578,499200000,127
Signal,35,35,True,3,3,True,True,0.02,4635,499200000,128
Signal,35,35,True,3,3,True,True,0.02,4685,499200000,129
Signal,35,35,True,3,3,True,True,0.02,4732,499200000,130
Signal,35,35,True,3,3,True,True,0.02,4774,499200000,131
Signal,35,35,True,3,3,True,True,0.02,4838,499200000,132
Signal,35,35,True,3,3,True,True,0.02,4875,499200000,133
Signal,35,35,True,3,3,True,True,0.02,4943,499200000,134
Signal,35,35,True,3,3,True,True,0.02,5012,499200000,135
Signal,35,35,True,3,3,True,True,0.02,5047,499200000,136
Signal,35,35,True,3,3,True,True,0.02,5090,499200000,137
Signal,35,35,True,3,3,True,True,0.02,5143,499200000,138
Signal,35,35,True,3,3,True,True,0.02,5184,499200000,139
Signal,35,35,True,3,3,True,True,0.02,5243,499200000,140
Signal,35,35,True,3,3,True,True,0.02,5306,499200000,141
Signal,35,35,True,3,3,True,True,0.02,5334,499200000,142
Signal,35,35,True,3,3,True,True,0.02,5381,499200000,143
Signal,35,35,True,3,3,True,True,0.02,5408,499200000,144
Signal,35,35,True,3,3,True,True,0.02,5470,499200000,145
Signal,35,35,True,3,3,True,True,0.02,5504,499200000,146
Signal,35,35,True,3,3,True,True,0.02,5567,499200000,147
Signal,35,35,True,3,3,True,True,0.02,5658,499200000,148
Signal,35,35,True,3,3,True,True,0.02,5685,499200000,149
Signal,35,35,True,3,3,True,True,0.02,5753,499200000,150
Signal,35,35,True,3,3,True,True,0.02,5773,499200000,151
Signal,35,35,True,3,3,True,True,0.02,5783,499200000,152
Signal,35,35,True,3,3,True,True,0.02,5847,499200000,153
Signal,35,35,True,3,3,True,True,0.02,5868,499200000,154
Signal,35,35,True,3,3,True,True,0.02,5966,499200000,155
Signal,35,35,True,3,3,True,True,0.02,5995,499200000,156
Signal,35,35,True,3,3,True,True,0.02,6017,499200000,157
Signal,35,35,True,3,3,True,True,0.02,6068,499200000,158
Signal,35,35,True,3,3,True,True,0.02,6137,499200000,159
Signal,35,35,True,3,3,True,True,0.02,6189,499200000,160
Signal,35,35,True,3,3,True,True,0.02,6267,499200000,161
Signal,35,35,True,3,3,True,True,0.02,6344,499200000,162
Signal,35,35,True,3,3,True,True,0.02,6379,499200000,163
Signal,35,35,True,3,3,True,True,0.02,6432,499200000,164
Signal,35,35,True,3,3,True,True,0.02,6443,499200000,165
Signal,35,35,True,3,3,True,True,0.02,6516,499200000,166
Signal,35,35,True,3,3,True,True,0.02,6575,499200000,167
Signal,35,35,True,3,3,True,True,0.02,6630,499200000,168
Signal,35,35,True,3,3,True,True,0.02,6655,499200000,169
Signal,35,35,True,3,3,True,True,0.02,6717,499200000,170
Signal,35,35,True,3,3,True,True,0.02,6788,499200000,171
Signal,35,35,True,3,3,True,True,0.02,6834,499200000,172
Signal,35,35,True,3,3,True,True,0.02,6881,499200000,173
Signal,35,35,True,3,3,True,True,0.02,6941,499200000,174
Signal,35,35,True,3,3,True,True,0.02,6966,499200000,175
Signal,35,35,True,3,3,True,True,0.02,7018,499200000,176
Signal,35,35,True,3,3,True,True,0.02,7029,499200000,177
Signal,35,35,True,3,3,True,True,0.02,7077,499200000,178
Signal,35,35,True,3,3,True,True,0.02,7143,499200000,179
Signal,35,35,True,3,3,True,True,0.02,7169,499200000,180
Signal,35,35,True,3,3,True,True,0.02,7230,499200000,181
Signal,35,35,True,3,3,True,True,0.02,7326,499200000,182
Signal,35,35,True,3,3,True,True,0.02,7379,499200000,183
Signal,35,35,True,3,3,True,True,0.02,7419,499200000,184
Signal,35,35,True,3,3,True,True,0.02,7512,499200000,185
Signal,35,35,True,3,3,True,True,0.02,7601,499200000,186
Signal,35,35,True,3,3,True,True,0.02,7668,499200000,187
Signal,35,35,True,3,3,True,True,0.02,7680,499200000,188
Signal,35,35,True,3,3,True,True,0.02,7766,499200000,189
Signal,35,35,True,3,3,True,True,0.02,7828,499200000,190
Signal,35,35,True,3,3,True,True,0.02,7910,499200000,191
Signal,35,35,True,3,3,True,True,0.02,7966,499200000,192
Signal,35,35,True,3,3,True,True,0.02,8026,499200000,193
Signal,35,35,True,3,3,True,True,0.02,8061,499200000,194
Signal,35,35,True,3,3,True,True,0.02,8135,499200000,195
Signal,35,35,True,3,3,True,True,0.02,8148,499200000,196
Signal,35,35,True,3,3,True,True,0.02,8224,499200000,197
Signal,35,35,True,3,3,True,True,0.02,8251,499200000,198
Signal,35,35,True,3,3,True,True,0.02,8302,499200000,199
Signal,50,50,True,3,3,True,True,0.02,0,499200000,0
Signal,50,50,True,3,3,True,True,0.02,0,499200000,1
Signal,50,50,True,3,3,True,True,0.02,0,499200000,2
Signal,50,50,True,3,3,True,True,0.02,0,499200000,3
Signal,50,50,True,3,3,True,True,0.02,0,499200000,4
Signal,50,50,True,3,3,True,True,0.02,0,499200000,5
Signal,50,50,True,3,3,True,True,0.02,0,499200000,6
Signal,50,50,True,3,3,True,True,0.02,0,499200000,7
Signal,50,50,True,3,3,True,True,0.02,0,499200000,8
Signal,50,50,True,3,3,True,True,0.02,0,499200000,9
Signal,50,50,True,3,3,True,True,0.02,0,499200000,10
Signal,50,50,True,3,3,True,True,0.02,0,499200000,11
Signal,50,50,True,3,3,True,True,0.02,0,499200000,12
Signal,50,50,True,3,3,True,True,0.02,0,499200000,13
Signal,50,50,True,3,3,True,True,0.02,0,499200000,14
Signal,50,50,True,3,3,True,True,0.02,0,499200000,15
Signal,50,50,True,3,3,True,True,0.02,0,499200000,16
Signal,50,50,True,3,3,True,True,0.02,0,499200000,17
Signal,50,50,True,3,3,True,True,0.02,0,499200000,18
Signal,50,50,True,3,3,True,True,0.02,0,499200000,19
Signal,50,50,True,3,3,True,True,0.02,0,499200000,20
Signal,50,50,True,3,3,True,True,0.02,0,499200000,21
Signal,50,50,True,3,3,True,True,0.02,0,499200000,22
Signal,50,50,True,3,3,True,True,0.02,1,499200000,23
Signal,50,50,True,3,3,True,True,0.02,1,499200000,24
Signal,50,50,True,3,3,True,True,0.02,1,499200000,25
Signal,50,50,True,3,3,True,True,0.02,0,499200000,26
Signal,50,50,True,3,3,True,True,0.02,0,499200000,27
Signal,50,50,True,3,3,True,True,0.02,1,499200000,28
Signal,50,50,True,3,3,True,True,0.02,0,499200000,29
Signal,50,50,True,3,3,True,True,0.02,2,499200000,30
Signal,50,50,True,3,3,True,True,0.02,1,499200000,31
Signal,50,50,True,3,3,True,True,0.02,1,499200000,32
Signal,50,50,True,3,3,True,True,0.02,2,499200000,33
Signal,50,50,True,3,3,True,True,0.02,4,499200000,34
Signal,50,50,True,3,3,True,True,0.02,8,499200000,35
Signal,50,50,True,3,3,True,True,0.02,8,499200000,36
Signal,50,50,True,3,3,True,True,0.02,7,499200000,37
Signal,50,50,True,3,3,True,True,0.02,6,499200000,38
Signal,50,50,True,3,3,True,True,0.02,8,499200000,39
Signal,50,50,True,3,3,True,True,0.02,8,499200000,40
Signal,50,50,True,3,3,True,True,0.02,8,499200000,41
Signal,50,50,True,3,3,True,True,0.02,9,499200000,42
Signal,50,50,True,3,3,True,True,0.02,11,499200000,43
Signal,50,50,True,3,3,True,True,0.02,9,499200000,44
Signal,50,50,True,3,3,True,True,0.02,11,499200000,45
Signal,50,50,True,3,3,True,True,0.02,10,499200000,46
Signal,50,50,True,3,3,True,True,0.02,12,499200000,47
Signal,50,50,True,3,3,True,True,0.02,13,499200000,48
Signal,50,50,True,3,3,True,True,0.02,16,499200000,49
Signal,50,50,True,3,3,True,True,0.02,17,499200000,50
Signal,50,50,True,3,3,True,True,0.02,17,499200000,51
Signal,50,50,True,3,3,True,True,0.02,19,499200000,52
Signal,50,50,True,3,3,True,True,0.02,20,499200000,53
Signal,50,50,True,3,3,True,True,0.02,21,499200000,54
Signal,50,50,True,3,3,True,True,0.02,25,499200000,55
Signal,50,50,True,3,3,True,True,0.02,29,499200000,56
Signal,50,50,True,3,3,True,True,0.02,29,499200000,57
Signal,50,50,True,3,3,True,True,0.02,33,499200000,58
Signal,50,50,True,3,3,True,True,0.02,37,499200000,59
Signal,50,50,True,3,3,True,True,0.02,47,499200000,60
Signal,50,50,True,3,3,True,True,0.02,47,499200000,61
Signal,50,50,True,3,3,True,True,0.02,46,499200000,62
Signal,50,50,True,3,3,True,True,0.02,49,499200000,63
Signal,50,50,True,3,3,True,True,0.02,49,499200000,64
Signal,50,50,True,3,3,True,True,0.02,53,499200000,65
Signal,50,50,True,3,3,True,True,0.02,61,499200000,66
Signal,50,50,True,3,3,True,True,0.02,59,499200000,67
Signal,50,50,True,3,3,True,True,0.02,63,499200000,68
Signal,50,50,True,3,3,True,True,0.02,66,499200000,69
Signal,50,50,True,3,3,True,True,0.02,66,499200000,70
Signal,50,50,True,3,3,True,True,0.02,68,499200000,71
Signal,50,50,True,3,3,True,True,0.02,68,499200000,72
Signal,50,50,True,3,3,True,True,0.02,77,499200000,73
Signal,50,50,True,3,3,True,True,0.02,83,499200000,74
Signal,50,50,True,3,3,True,True,0.02,86,499200000,75
Signal,50,50,True,3,3,True,True,0.02,95,499200000,76
Signal,50,50,True,3,3,True,True,0.02,102,499200000,77
Signal,50,50,True,3,3,True,True,0.02,100,499200000,78
Signal,50,50,True,3,3,True,True,0.02,97,499200000,79
Signal,50,50,True,3,3,True,True,0.02,104,499200000,80
Signal,50,50,True,3,3,True,True,0.02,113,499200000,81
Signal,50,50,True,3,3,True,True,0.02,118,499200000,82
Signal,50,50,True,3,3,True,True,0.02,123,499200000,83
Signal,50,50,True,3,3,True,True,0.02,121,499200000,84
Signal,50,50,True,3,3,True,True,0.02,122,499200000,85
Signal,50,50,True,3,3,True,True,0.02,123,499200000,86
Signal,50,50,True,3,3,True,True,0.02,127,499200000,87
Signal,50,50,True,3,3,True,True,0.02,137,499200000,88
Signal,50,50,True,3,3,True,True,0.02,137,499200000,89
Signal,50,50,True,3,3,True,True,0.02,146,499200000,90
Signal,50,50,True,3,3,True,True,0.02,154,499200000,91
Signal,50,50,True,3,3,True,True,0.02,158,499200000,92
Signal,50,50,True,3,3,True,True,0.02,163,499200000,93
Signal,50,50,True,3,3,True,True,0.02,166,499200000,94
Signal,50,50,True,3,3,True,True,0.02,172,499200000,95
Signal,50,50,True,3,3,True,True,0.02,169,499200000,96
Signal,50,50,True,3,3,True,True,0.02,176,499200000,97
Signal,50,50,True,3,3,True,True,0.02,173,499200000,98
Signal,50,50,True,3,3,True,True,0.02,188,499200000,99
Signal,50,50,True,3,3,True,True,0.02,192,499200000,100
Signal,50,50,True,3,3,True,True,0.02,196,499200000,101
Signal,50,50,True,3,3,True,True,0.02,198,499200000,102
Signal,50,50,True,3,3,True,True,0.02,207,499200000,103
Signal,50,50,True,3,3,True,True,0.02,206,499200000,104
Signal,50,50,True,3,3,True,True,0.02,209,499200000,105
Signal,50,50,True,3,3,True,True,0.02,215,499200000,106
Signal,50,50,True,3,3,True,True,0.02,214,499200000,107
Signal,50,50,True,3,3,True,True,0.02,222,499200000,108
Signal,50,50,True,3,3,True,True,0.02,217,499200000,109
Signal,50,50,True,3,3,True,True,0.02,232,499200000,110
Signal,50,50,True,3,3,True,True,0.02,229,499200000,111
Signal,50,50,True,3,3,True,True,0.02,239,499200000,112
Signal,50,50,True,3,3,True,True,0.02,247,499200000,113
Signal,50,50,True,3,3,True,True,0.02,249,499200000,114
Signal,50,50,True,3,3,True,True,0.02,253,499200000,115
Signal,50,50,True,3,3,True,True,0.02,265,499200000,116
Signal,50,50,True,3,3,True,True,0.02,264,499200000,117
Signal,50,50,True,3,3,True,True,0.02,272,499200000,118
Signal,50,50,True,3,3,True,True,0.02,280,499200000,119
Signal,50,50,True,3,3,True,True,0.02,278,499200000,120
Signal,50,50,True,3,3,True,True,0.02,278,499200000,121
Signal,50,50,True,3,3,True,True,0.02,292,499200000,122
Signal,50,50,True,3,3,True,True,0.02,292,499200000,123
Signal,50,50,True,3,3,True,True,0.02,299,499200000,124
Signal,50,50,True,3,3,True,True,0.02,307,499200000,125
Signal,50,50,True,3,3,True,True,0.02,314,499200000,126
Signal,50,50,True,3,3,True,True,0.02,318,499200000,127
Signal,50,50,True,3,3,True,True,0.02,322,499200000,128
Signal,50,50,True,3,3,True,True,0.02,322,499200000,129
Signal,50,50,True,3,3,True,True,0.02,325,499200000,130
Signal,50,50,True,3,3,True,True,0.02,336,499200000,131
Signal,50,50,True,3,3,True,True,0.02,339,499200000,132
Signal,50,50,True,3,3,True,True,0.02,340,499200000,133
Signal,50,50,True,3,3,True,True,0.02,347,499200000,134
Signal,50,50,True,3,3,True,True,0.02,355,499200000,135
Signal,50,50,True,3,3,True,True,0.02,365,499200000,136
Signal,50,50,True,3,3,True,True,0.02,366,499200000,137
Signal,50,50,True,3,3,True,True,0.02,376,499200000,138
Signal,50,50,True,3,3,True,True,0.02,383,499200000,139
Signal,50,50,True,3,3,True,True,0.02,388,499200000,140
Signal,50,50,True,3,3,True,True,0.02,395,499200000,141
Signal,50,50,True,3,3,True,True,0.02,390,499200000,142
Signal,50,50,True,3,3,True,True,0.02,396,499200000,143
Signal,50,50,True,3,3,True,True,0.02,392,499200000,144
Signal,50,50,True,3,3,True,True,0.02,397,499200000,145
Signal,50,50,True,3,3,True,True,0.02,408,499200000,146
Signal,50,50,True,3,3,True,True,0.02,415,499200000,147
Signal,50,50,True,3,3,True,True,0.02,428,499200000,148
Signal,50,50,True,3,3,True,True,0.02,440,499200000,149
Signal,50,50,True,3,3,True,True,0.02,438,499200000,150
Signal,50,50,True,3,3,True,True,0.02,451,499200000,151
Signal,50,50,True,3,3,True,True,0.02,464,499200000,152
Signal,50,50,True,3,3,True,True,0.02,467,499200000,153
Signal,50,50,True,3,3,True,True,0.02,461,499200000,154
Signal,50,50,True,3,3,True,True,0.02,464,499200000,155
Signal,50,50,True,3,3,True,True,0.02,474,499200000,156
Signal,50,50,True,3,3,True,True,0.02,480,499200000,157
Signal,50,50,True,3,3,True,True,0.02,485,499200000,158
Signal,50,50,True,3,3,True,True,0.02,486,499200000,159
Signal,50,50,True,3,3,True,True,0.02,504,499200000,160
Signal,50,50,True,3,3,True,True,0.02,507,499200000,161
Signal,50,50,True,3,3,True,True,0.02,512,499200000,162
Signal,50,50,True,3,3,True,True,0.02,519,499200000,163
Signal,50,50,True,3,3,True,True,0.02,530,499200000,164
Signal,50,50,True,3,3,True,True,0.02,529,499200000,165
Signal,50,50,True,3,3,True,True,0.02,536,499200000,166
Signal,50,50,True,3,3,True,True,0.02,549,499200000,167
Signal,50,50,True,3,3,True,True,0.02,556,499200000,168
Signal,50,50,True,3,3,True,True,0.02,554,499200000,169
Signal,50,50,True,3,3,True,True,0.02,560,499200000,170
Signal,50,50,True,3,3,True,True,0.02,570,499200000,171
Signal,50,50,True,3,3,True,True,0.02,576,499200000,172
Signal,50,50,True,3,3,True,True,0.02,584,499200000,173
Signal,50,50,True,3,3,True,True,0.02,585,499200000,174
Signal,50,50,True,3,3,True,True,0.02,585,499200000,175
Signal,50,50,True,3,3,True,True,0.02,584,499200000,176
Signal,50,50,True,3,3,True,True,0.02,581,499200000,177
Signal,50,50,True,3,3,True,True,0.02,593,499200000,178
Signal,50,50,True,3,3,True,True,0.02,596,499200000,179
Signal,50,50,True,3,3,True,True,0.02,606,499200000,180
Signal,50,50,True,3,3,True,True,0.02,599,499200000,181
Signal,50,50,True,3,3,True,True,0.02,618,499200000,182
Signal,50,50,True,3,3,True,True,0.02,612,499200000,183
Signal,50,50,True,3,3,True,True,0.02,614,499200000,184
Signal,50,50,True,3,3,True,True,0.02,625,499200000,185
Signal,50,50,True,3,3,True,True,0.02,622,499200000,186
Signal,50,50,True,3,3,True,True,0.02,635,499200000,187
Signal,50,50,True,3,3,True,True,0.02,641,499200000,188
Signal,50,50,True,3,3,True,True,0.02,649,499200000,189
Signal,50,50,True,3,3,True,True,0.02,649,499200000,190
Signal,50,50,True,3,3,True,True,0.02,657,499200000,191
Signal,50,50,True,3,3,True,True,0.02,656,499200000,192
Signal,50,50,True,3,3,True,True,0.02,670,499200000,193
Signal,50,50,True,3,3,True,True,0.02,660,499200000,194
Signal,50,50,True,3,3,True,True,0.02,668,499200000,195
Signal,50,50,True,3,3,True,True,0.02,680,499200000,196
Signal,50,50,True,3,3,True,True,0.02,686,499200000,197
Signal,50,50,True,3,3,True,True,0.02,699,499200000,198
Signal,50,50,True,3,3,True,True,0.02,688,499200000,199
